epoch,train_accuracy,test_accuracy
0,0.008771929824561403,0.009919599039365146
1,0.008771929824561403,0.009919599039365146
2,0.008145363408521303,0.009293098047405243
5,0.011278195488721804,0.009397514879398558
10,0.017543859649122806,0.006682677247572309
20,0.02412280701754386,0.0055340920956458185
50,0.06641604010025062,0.0018795029758797118
100,0.4307644110275689,0.000626500991959904
200,1.0,0.0011485851519264906
300,1.0,0.0008353346559465386
400,1.0,0.0010441683199331733
500,1.0,0.0013574188159131252
600,1.0,0.0013574188159131252
700,1.0,0.001253001983919808
800,1.0,0.0011485851519264906
900,1.0,0.0010441683199331733
1000,1.0,0.0009397514879398559
1100,1.0,0.0008353346559465386
1200,1.0,0.000626500991959904
1300,1.0,0.0007309178239532213
1400,1.0,0.0007309178239532213
1500,1.0,0.0008353346559465386
1600,1.0,0.0009397514879398559
1700,1.0,0.001253001983919808
1800,1.0,0.0015662524798997599
1900,1.0,0.0017750861438863945
2000,0.9743107769423559,0.0020883366398663466
2100,1.0,0.0009397514879398559
2200,1.0,0.0010441683199331733
2300,1.0,0.0010441683199331733
2400,1.0,0.0011485851519264906
2500,1.0,0.001253001983919808
2600,1.0,0.0013574188159131252
2700,1.0,0.0016706693118930772
2800,1.0,0.0015662524798997599
2900,1.0,0.0014618356479064426
3000,1.0,0.0013574188159131252
3100,1.0,0.0014618356479064426
3200,1.0,0.0014618356479064426
3300,1.0,0.0015662524798997599
3400,1.0,0.001253001983919808
3500,1.0,0.0011485851519264906
3600,1.0,0.0010441683199331733
3700,1.0,0.0009397514879398559
3800,1.0,0.0011485851519264906
3900,1.0,0.0007309178239532213
4000,1.0,0.001253001983919808
4100,1.0,0.0013574188159131252
4200,1.0,0.0013574188159131252
4300,1.0,0.0015662524798997599
4400,1.0,0.0014618356479064426
4500,1.0,0.0013574188159131252
4600,1.0,0.0010441683199331733
4700,1.0,0.0007309178239532213
4800,1.0,0.0009397514879398559
4900,1.0,0.0010441683199331733
5000,1.0,0.001253001983919808
5100,1.0,0.001253001983919808
5200,1.0,0.001253001983919808
5300,0.99968671679198,0.0017750861438863945
5400,1.0,0.0014618356479064426
5500,1.0,0.0011485851519264906
5600,1.0,0.0011485851519264906
5700,1.0,0.001253001983919808
5800,1.0,0.0013574188159131252
5900,1.0,0.0014618356479064426
6000,1.0,0.0014618356479064426
6100,1.0,0.0015662524798997599
6200,1.0,0.0015662524798997599
6300,1.0,0.0014618356479064426
6400,1.0,0.0015662524798997599
6500,1.0,0.0018795029758797118
6600,1.0,0.0018795029758797118
6700,1.0,0.0018795029758797118
6800,1.0,0.0020883366398663466
6900,0.99968671679198,0.001983919807873029
7000,1.0,0.0020883366398663466
7100,1.0,0.0016706693118930772
7200,1.0,0.0016706693118930772
7300,1.0,0.0015662524798997599
7400,1.0,0.0016706693118930772
7500,1.0,0.0017750861438863945
7600,1.0,0.0017750861438863945
7700,1.0,0.0014618356479064426
7800,1.0,0.0014618356479064426
7900,1.0,0.0011485851519264906
8000,1.0,0.001253001983919808
8100,1.0,0.0013574188159131252
8200,1.0,0.0017750861438863945
8300,1.0,0.0017750861438863945
8400,1.0,0.001983919807873029
8500,1.0,0.0022971703038529813
8600,1.0,0.0018795029758797118
8700,1.0,0.0016706693118930772
8800,1.0,0.0015662524798997599
8900,1.0,0.0015662524798997599
9000,1.0,0.0013574188159131252
9100,1.0,0.0018795029758797118
9200,1.0,0.0018795029758797118
9300,1.0,0.001983919807873029
9400,1.0,0.0017750861438863945
9500,1.0,0.0018795029758797118
9600,1.0,0.0018795029758797118
9700,1.0,0.001983919807873029
9800,1.0,0.001983919807873029
9900,1.0,0.0020883366398663466
10000,1.0,0.0017750861438863945
10100,1.0,0.0020883366398663466
10200,1.0,0.0017750861438863945
10300,1.0,0.0016706693118930772
10400,1.0,0.0017750861438863945
10500,1.0,0.0017750861438863945
10600,1.0,0.0017750861438863945
10700,1.0,0.0017750861438863945
10800,1.0,0.001983919807873029
10900,1.0,0.001983919807873029
11000,1.0,0.001983919807873029
11100,1.0,0.0018795029758797118
11200,1.0,0.0018795029758797118
11300,1.0,0.001983919807873029
11400,1.0,0.0024015871358462984
11500,1.0,0.0028192544638195676
11600,1.0,0.002506003967839616
11700,1.0,0.0017750861438863945
11800,1.0,0.0021927534718596637
11900,1.0,0.001983919807873029
12000,1.0,0.001983919807873029
12100,1.0,0.0020883366398663466
12200,1.0,0.0021927534718596637
12300,1.0,0.002610420799832933
12400,1.0,0.002610420799832933
12500,1.0,0.0028192544638195676
12600,1.0,0.002923671295812885
12700,1.0,0.003028088127806202
12800,1.0,0.0027148376318262505
12900,1.0,0.0022971703038529813
13000,0.9877819548872181,0.0037590059517594236
13100,1.0,0.003236921791792837
13200,1.0,0.0024015871358462984
13300,1.0,0.0028192544638195676
13400,1.0,0.002610420799832933
13500,1.0,0.0027148376318262505
13600,1.0,0.0028192544638195676
13700,1.0,0.003028088127806202
13800,1.0,0.003236921791792837
13900,1.0,0.003236921791792837
14000,1.0,0.0033413386237861544
14100,1.0,0.003236921791792837
14200,1.0,0.003028088127806202
14300,1.0,0.003028088127806202
14400,0.9987468671679198,0.0037590059517594236
14500,1.0,0.003236921791792837
14600,1.0,0.003236921791792837
14700,1.0,0.0033413386237861544
14800,1.0,0.003967839615746058
14900,1.0,0.003863422783752741
15000,1.0,0.003863422783752741
15100,1.0,0.004072256447739376
15200,1.0,0.004072256447739376
15300,1.0,0.004072256447739376
15400,1.0,0.003967839615746058
15500,1.0,0.003967839615746058
15600,1.0,0.003967839615746058
15700,0.9946741854636592,0.003550172287772789
15800,1.0,0.003550172287772789
15900,1.0,0.004072256447739376
16000,1.0,0.0036545891197661065
16100,1.0,0.003550172287772789
16200,1.0,0.0037590059517594236
16300,1.0,0.003550172287772789
16400,1.0,0.0037590059517594236
16500,1.0,0.004072256447739376
16600,1.0,0.003863422783752741
16700,1.0,0.0037590059517594236
16800,1.0,0.003550172287772789
16900,1.0,0.0036545891197661065
17000,1.0,0.003550172287772789
17100,1.0,0.003236921791792837
17200,1.0,0.0033413386237861544
17300,1.0,0.0034457554557794715
17400,1.0,0.003863422783752741
17500,1.0,0.003967839615746058
17600,1.0,0.003863422783752741
17700,1.0,0.0037590059517594236
17800,1.0,0.003863422783752741
17900,1.0,0.0037590059517594236
18000,1.0,0.0036545891197661065
18100,1.0,0.0037590059517594236
18200,1.0,0.0037590059517594236
18300,1.0,0.004176673279732693
18400,1.0,0.003967839615746058
18500,1.0,0.004072256447739376
18600,1.0,0.0045943406077059625
18700,1.0,0.0037590059517594236
18800,1.0,0.0037590059517594236
18900,1.0,0.0036545891197661065
19000,1.0,0.004072256447739376
19100,1.0,0.00428109011172601
19200,1.0,0.004698757439699279
19300,1.0,0.004907591103685914
19400,1.0,0.005012007935679232
19500,1.0,0.004907591103685914
19600,1.0,0.004803174271692597
19700,1.0,0.004907591103685914
19800,1.0,0.004803174271692597
19900,1.0,0.004907591103685914
20000,0.7647243107769424,0.006787094079565626
20100,1.0,0.004698757439699279
20200,1.0,0.004803174271692597
20300,1.0,0.005116424767672548
20400,1.0,0.005429675263652501
20500,1.0,0.0053252584316591835
20600,1.0,0.005220841599665866
20700,1.0,0.0053252584316591835
20800,1.0,0.005116424767672548
20900,1.0,0.005116424767672548
21000,1.0,0.004698757439699279
21100,1.0,0.004698757439699279
21200,1.0,0.004698757439699279
21300,1.0,0.004698757439699279
21400,1.0,0.004907591103685914
21500,1.0,0.005951759423619088
21600,1.0,0.0053252584316591835
21700,1.0,0.005638508927639135
21800,1.0,0.0055340920956458185
21900,1.0,0.0055340920956458185
22000,1.0,0.00584734259162577
22100,1.0,0.0055340920956458185
22200,1.0,0.00584734259162577
22300,1.0,0.005742925759632453
22400,1.0,0.0055340920956458185
22500,1.0,0.005429675263652501
22600,1.0,0.005429675263652501
22700,1.0,0.005220841599665866
22800,1.0,0.005116424767672548
22900,1.0,0.005220841599665866
23000,1.0,0.006369426751592357
23100,1.0,0.00584734259162577
23200,1.0,0.005951759423619088
23300,1.0,0.0062650099195990395
23400,1.0,0.006369426751592357
23500,1.0,0.0062650099195990395
23600,1.0,0.0062650099195990395
23700,1.0,0.0062650099195990395
23800,1.0,0.006160593087605722
23900,1.0,0.0062650099195990395
24000,1.0,0.0062650099195990395
24100,1.0,0.006369426751592357
24200,1.0,0.006787094079565626
24300,0.9921679197994987,0.006473843583585674
24400,1.0,0.007831262399498799
24500,1.0,0.006891510911558943
24600,1.0,0.006891510911558943
24700,1.0,0.00741359507152553
24800,1.0,0.007622428735512165
24900,1.0,0.007726845567505482
25000,1.0,0.007622428735512165
25100,1.0,0.008040096063485434
25200,1.0,0.008457763391458702
25300,1.0,0.008144512895478751
25400,1.0,0.008248929727472069
25500,1.0,0.008248929727472069
25600,1.0,0.008248929727472069
25700,0.9558270676691729,0.009501931711391876
25800,1.0,0.007518011903518847
25900,1.0,0.00856218022345202
26000,1.0,0.008353346559465387
26100,1.0,0.008771013887438655
26200,1.0,0.008771013887438655
26300,1.0,0.008771013887438655
26400,1.0,0.009084264383418608
26500,1.0,0.009293098047405243
26600,1.0,0.009501931711391876
26700,1.0,0.009606348543385193
26800,1.0,0.009710765375378511
26900,1.0,0.009815182207371828
27000,1.0,0.009919599039365146
27100,1.0,0.010441683199331732
27200,0.9505012531328321,0.009606348543385193
27300,1.0,0.01169468518325154
27400,1.0,0.009919599039365146
27500,1.0,0.010337266367338414
27600,1.0,0.010650516863318367
27700,1.0,0.011381434687271588
27800,1.0,0.011381434687271588
27900,1.0,0.01127701785527827
28000,1.0,0.011590268351258223
28100,1.0,0.011903518847238176
28200,1.0,0.012112352511224809
28300,1.0,0.012425603007204761
28400,1.0,0.012530019839198079
28500,1.0,0.012738853503184714
28600,1.0,0.012530019839198079
28700,1.0,0.011381434687271588
28800,1.0,0.012112352511224809
28900,1.0,0.012738853503184714
29000,1.0,0.013469771327137935
29100,1.0,0.012947687167171347
29200,1.0,0.01367860499112457
29300,1.0,0.014096272319097838
29400,1.0,0.014513939647071109
29500,1.0,0.015036023807037694
29600,1.0,0.015453691135010965
29700,1.0,0.015662524798997598
29800,1.0,0.015766941630990915
29900,1.0,0.01555810796700428
30000,1.0,0.015453691135010965
30100,1.0,0.014513939647071109
30200,1.0,0.01482719014305106
30300,1.0,0.01555810796700428
30400,1.0,0.014513939647071109
30500,1.0,0.014722773311057742
30600,1.0,0.014722773311057742
30700,1.0,0.015140440639031012
30800,1.0,0.01524485747102433
30900,1.0,0.01524485747102433
31000,1.0,0.015453691135010965
31100,1.0,0.015453691135010965
31200,1.0,0.015871358462984233
31300,1.0,0.01597577529497755
31400,1.0,0.015871358462984233
31500,0.9843358395989975,0.016497859454944138
31600,1.0,0.015453691135010965
31700,1.0,0.015662524798997598
31800,1.0,0.015453691135010965
31900,1.0,0.014722773311057742
32000,1.0,0.01524485747102433
32100,1.0,0.015766941630990915
32200,1.0,0.01555810796700428
32300,1.0,0.015349274303017647
32400,1.0,0.01597577529497755
32500,1.0,0.01597577529497755
32600,1.0,0.016497859454944138
32700,1.0,0.016706693118930773
32800,1.0,0.016602276286937456
32900,1.0,0.016289025790957503
33000,1.0,0.017855278270857262
33100,1.0,0.017855278270857262
33200,1.0,0.017228777278897357
33300,1.0,0.017228777278897357
33400,1.0,0.017228777278897357
33500,1.0,0.017855278270857262
33600,1.0,0.017646444606870627
33700,1.0,0.01795969510285058
33800,1.0,0.017750861438863945
33900,1.0,0.017333194110890675
34000,1.0,0.016915526782917405
34100,1.0,0.016602276286937456
34200,1.0,0.017019943614910722
34300,1.0,0.017019943614910722
34400,1.0,0.016602276286937456
34500,1.0,0.01837736243082385
34600,1.0,0.01795969510285058
34700,1.0,0.017646444606870627
34800,1.0,0.018064111934843897
34900,1.0,0.01795969510285058
35000,1.0,0.01795969510285058
35100,1.0,0.017646444606870627
35200,1.0,0.017437610942883992
35300,1.0,0.01795969510285058
35400,1.0,0.018064111934843897
35500,1.0,0.018064111934843897
35600,1.0,0.018064111934843897
35700,1.0,0.01754202777487731
35800,1.0,0.01837736243082385
35900,1.0,0.019003863422783752
36000,1.0,0.019630364414743657
36100,1.0,0.018899446590790434
36200,1.0,0.017855278270857262
36300,1.0,0.017750861438863945
36400,1.0,0.018064111934843897
36500,1.0,0.01910828025477707
36600,1.0,0.019630364414743657
36700,1.0,0.020048031742716927
36800,1.0,0.020465699070690194
36900,1.0,0.02036128223869688
37000,1.0,0.02098778323065678
37100,1.0,0.02067453273467683
37200,1.0,0.02057011590268351
37300,1.0,0.020256865406703562
37400,0.9971804511278195,0.018586196094810485
37500,1.0,0.019839198078730292
37600,1.0,0.01994361491072361
37700,1.0,0.02067453273467683
37800,1.0,0.02150986739062337
37900,1.0,0.021196616894643416
38000,1.0,0.0210922000626501
38100,1.0,0.021614284222616686
38200,1.0,0.02182311788660332
38300,1.0,0.02140545055863005
38400,1.0,0.021718701054610004
38500,1.0,0.02140545055863005
38600,1.0,0.0210922000626501
38700,1.0,0.02098778323065678
38800,0.9548872180451128,0.019630364414743657
38900,1.0,0.022136368382583274
39000,1.0,0.01994361491072361
39100,1.0,0.02057011590268351
39200,1.0,0.020256865406703562
39300,1.0,0.02067453273467683
39400,1.0,0.021614284222616686
39500,1.0,0.021614284222616686
39600,1.0,0.02140545055863005
39700,1.0,0.022136368382583274
39800,1.0,0.022449618878563223
39900,1.0,0.02255403571055654
40000,1.0,0.02255403571055654
40100,1.0,0.02265845254254986
40200,1.0,0.02182311788660332
40300,0.9899749373433584,0.023598204030489716
40400,1.0,0.02307611987052313
40500,1.0,0.022031951550589957
40600,1.0,0.022136368382583274
40700,1.0,0.022345202046569906
40800,1.0,0.022345202046569906
40900,1.0,0.022867286206536493
41000,1.0,0.023180536702516446
41100,1.0,0.023180536702516446
41200,1.0,0.0234937871984964
41300,1.0,0.022762869374543176
41400,1.0,0.02265845254254986
41500,1.0,0.022762869374543176
41600,1.0,0.022240785214576588
41700,1.0,0.022345202046569906
41800,1.0,0.022867286206536493
41900,1.0,0.022345202046569906
42000,1.0,0.02182311788660332
42100,1.0,0.021718701054610004
42200,1.0,0.022031951550589957
42300,1.0,0.02192753471859664
42400,1.0,0.02150986739062337
42500,1.0,0.02182311788660332
42600,1.0,0.02192753471859664
42700,1.0,0.021614284222616686
42800,1.0,0.0210922000626501
42900,1.0,0.02150986739062337
43000,1.0,0.021301033726636734
43100,1.0,0.020778949566670146
43200,0.9370300751879699,0.027879294142215724
43300,1.0,0.02297170303852981
43400,1.0,0.022449618878563223
43500,1.0,0.02265845254254986
43600,1.0,0.023180536702516446
43700,1.0,0.023598204030489716
43800,1.0,0.02391145452646967
43900,1.0,0.024433538686436253
44000,1.0,0.025268873342382793
44100,1.0,0.025268873342382793
44200,1.0,0.025060039678396158
44300,1.0,0.025060039678396158
44400,1.0,0.025060039678396158
44500,1.0,0.025164456510389475
44600,1.0,0.024746789182416205
44700,1.0,0.023180536702516446
44800,1.0,0.0234937871984964
44900,1.0,0.024224705022449618
45000,1.0,0.02495562284640284
45100,1.0,0.024433538686436253
45200,1.0,0.024015871358462983
45300,1.0,0.024329121854442935
45400,1.0,0.024015871358462983
45500,1.0,0.024224705022449618
45600,1.0,0.024224705022449618
45700,1.0,0.024015871358462983
45800,1.0,0.023702620862483034
45900,1.0,0.02380703769447635
46000,1.0,0.024224705022449618
46100,1.0,0.02495562284640284
46200,1.0,0.025477707006369428
46300,1.0,0.025686540670356063
46400,1.0,0.025686540670356063
46500,1.0,0.025060039678396158
46600,1.0,0.025477707006369428
46700,1.0,0.02537329017437611
46800,1.0,0.026208624830322647
46900,1.0,0.026626292158295917
47000,1.0,0.026626292158295917
47100,1.0,0.02693954265427587
47200,1.0,0.02693954265427587
47300,1.0,0.0265218753263026
47400,1.0,0.025790957502349377
47500,0.9783834586466166,0.028401378302182312
47600,1.0,0.0265218753263026
47700,1.0,0.026208624830322647
47800,1.0,0.027461626814242458
47900,1.0,0.02693954265427587
48000,1.0,0.025999791166336012
48100,1.0,0.025686540670356063
48200,1.0,0.025895374334342695
48300,1.0,0.02537329017437611
48400,1.0,0.025477707006369428
48500,1.0,0.025477707006369428
48600,1.0,0.025477707006369428
48700,1.0,0.025477707006369428
48800,1.0,0.025268873342382793
48900,0.9348370927318296,0.02808812780620236
49000,1.0,0.025060039678396158
49100,1.0,0.025477707006369428
49200,1.0,0.025895374334342695
49300,1.0,0.02735720998224914
49400,1.0,0.027148376318262505
49500,1.0,0.027774877310222407
49600,1.0,0.027879294142215724
49700,1.0,0.027774877310222407
49800,1.0,0.027774877310222407
49900,1.0,0.027879294142215724
50000,1.0,0.0289234624621489
50100,1.0,0.0289234624621489
50200,1.0,0.029132296126135535
50300,1.0,0.029445546622115484
50400,1.0,0.029027879294142217
50500,1.0,0.028401378302182312
50600,1.0,0.029445546622115484
50700,1.0,0.0289234624621489
50800,1.0,0.028610211966168947
50900,1.0,0.02735720998224914
51000,1.0,0.026835125822282552
51100,1.0,0.027252793150255823
51200,1.0,0.027148376318262505
51300,1.0,0.02693954265427587
51400,1.0,0.027148376318262505
51500,1.0,0.02735720998224914
51600,1.0,0.02756604364623577
51700,1.0,0.02693954265427587
51800,0.99968671679198,0.027774877310222407
51900,1.0,0.02693954265427587
52000,1.0,0.028610211966168947
52100,1.0,0.027774877310222407
52200,1.0,0.02808812780620236
52300,1.0,0.029132296126135535
52400,1.0,0.029132296126135535
52500,1.0,0.029341129790122166
52600,1.0,0.028819045630155582
52700,1.0,0.02850579513417563
52800,1.0,0.028714628798162264
52900,1.0,0.028296961470188994
53000,1.0,0.027879294142215724
53100,1.0,0.02850579513417563
53200,1.0,0.029132296126135535
53300,1.0,0.028401378302182312
53400,1.0,0.028819045630155582
53500,1.0,0.029027879294142217
53600,1.0,0.02965438028610212
53700,1.0,0.03007204761407539
53800,1.0,0.02996763078208207
53900,1.0,0.030698548606035294
54000,1.0,0.030698548606035294
54100,1.0,0.030698548606035294
54200,1.0,0.03080296543802861
54300,1.0,0.030698548606035294
54400,1.0,0.031011799102015247
54500,1.0,0.03007204761407539
54600,0.9902882205513784,0.029758797118095436
54700,1.0,0.0289234624621489
54800,1.0,0.030176464446068706
54900,1.0,0.029236712958128852
55000,1.0,0.029445546622115484
55100,1.0,0.02965438028610212
55200,1.0,0.030176464446068706
55300,1.0,0.029863213950088754
55400,1.0,0.03048971494204866
55500,1.0,0.030176464446068706
55600,1.0,0.030698548606035294
55700,1.0,0.031325049597995196
55800,1.0,0.03007204761407539
55900,1.0,0.02965438028610212
56000,1.0,0.028819045630155582
56100,1.0,0.030280881278062024
56200,1.0,0.030176464446068706
56300,1.0,0.029758797118095436
56400,1.0,0.02996763078208207
56500,1.0,0.030176464446068706
56600,1.0,0.03090738227002193
56700,1.0,0.03111621593400856
56800,1.0,0.03090738227002193
56900,1.0,0.03080296543802861
57000,1.0,0.031011799102015247
57100,1.0,0.03111621593400856
57200,1.0,0.03090738227002193
57300,1.0,0.029863213950088754
57400,1.0,0.02965438028610212
57500,1.0,0.03038529811005534
57600,1.0,0.03007204761407539
57700,1.0,0.030176464446068706
57800,1.0,0.031220632766001878
57900,1.0,0.031011799102015247
58000,1.0,0.031325049597995196
58100,1.0,0.03090738227002193
58200,1.0,0.0319515505899551
58300,1.0,0.03205596742194842
58400,1.0,0.03163830009397515
58500,1.0,0.03080296543802861
58600,1.0,0.030698548606035294
58700,1.0,0.031220632766001878
58800,1.0,0.031011799102015247
58900,1.0,0.03142946642998851
59000,0.9636591478696742,0.032578051581915006
59100,1.0,0.03236921791792837
59200,1.0,0.03080296543802861
59300,1.0,0.031325049597995196
59400,1.0,0.03080296543802861
59500,1.0,0.030698548606035294
59600,1.0,0.031011799102015247
59700,1.0,0.03111621593400856
59800,1.0,0.031011799102015247
59900,1.0,0.03142946642998851
60000,1.0,0.031011799102015247
60100,1.0,0.03142946642998851
60200,1.0,0.03111621593400856
60300,1.0,0.03048971494204866
60400,1.0,0.03153388326198183
60500,1.0,0.033100135741881594
60600,1.0,0.03393547039782813
60700,1.0,0.03456197138978803
60800,1.0,0.03456197138978803
60900,1.0,0.0343531377258014
61000,1.0,0.03362221990184818
61100,1.0,0.03424872089380808
61200,1.0,0.03477080505377467
61300,1.0,0.0343531377258014
61400,1.0,0.03414430406181476
61500,1.0,0.0343531377258014
61600,1.0,0.034039887229821444
61700,1.0,0.0343531377258014
61800,1.0,0.03414430406181476
61900,0.8906641604010025,0.03727680902161428
62000,1.0,0.03289130207789496
62100,1.0,0.03456197138978803
62200,1.0,0.03372663673384149
62300,1.0,0.0343531377258014
62400,1.0,0.03393547039782813
62500,1.0,0.0343531377258014
62600,1.0,0.03383105356583481
62700,1.0,0.03466638822178135
62800,1.0,0.03393547039782813
62900,1.0,0.033517803069854864
63000,1.0,0.03414430406181476
63100,1.0,0.03383105356583481
63200,1.0,0.03330896940586823
63300,1.0,0.03372663673384149
63400,1.0,0.031742716925968466
63500,1.0,0.0343531377258014
63600,1.0,0.0349796387177613
63700,1.0,0.03539730604573457
63800,1.0,0.03539730604573457
63900,1.0,0.03518847238174794
64000,1.0,0.03550172287772789
64100,1.0,0.03560613970972121
64200,1.0,0.03591939020570116
64300,1.0,0.03623264070168111
64400,1.0,0.036545891197661065
64500,1.0,0.03623264070168111
64600,1.0,0.03644147436566775
64700,1.0,0.03560613970972121
64800,1.0,0.03602380703769448
64900,1.0,0.034875221885767985
65000,1.0,0.036128223869687795
65100,1.0,0.035292889213741255
65200,1.0,0.036128223869687795
65300,1.0,0.0367547248616477
65400,1.0,0.03581497337370784
65500,1.0,0.036545891197661065
65600,1.0,0.03602380703769448
65700,1.0,0.03602380703769448
65800,1.0,0.036545891197661065
65900,1.0,0.03644147436566775
66000,1.0,0.03581497337370784
66100,1.0,0.0349796387177613
66200,1.0,0.03539730604573457
66300,1.0,0.03591939020570116
66400,1.0,0.03456197138978803
66500,1.0,0.036545891197661065
66600,1.0,0.036128223869687795
66700,1.0,0.03602380703769448
66800,1.0,0.03581497337370784
66900,1.0,0.03591939020570116
67000,1.0,0.03581497337370784
67100,1.0,0.03581497337370784
67200,1.0,0.03602380703769448
67300,1.0,0.03581497337370784
67400,1.0,0.03550172287772789
67500,1.0,0.03550172287772789
67600,0.9852756892230576,0.03591939020570116
67700,1.0,0.03623264070168111
67800,1.0,0.03508405554975462
67900,1.0,0.03717239218962097
68000,1.0,0.03769447634958755
68100,1.0,0.03811214367756082
68200,1.0,0.03811214367756082
68300,1.0,0.039678396157460584
68400,1.0,0.03936514566148063
68500,1.0,0.04040931398141381
68600,1.0,0.04072256447739376
68700,1.0,0.04082698130938707
68800,1.0,0.03999164665344054
68900,1.0,0.03936514566148063
69000,1.0,0.03769447634958755
69100,1.0,0.03706797535762765
69200,1.0,0.038843061501514044
69300,1.0,0.03894747833350736
69400,1.0,0.04030489714942049
69500,1.0,0.039678396157460584
69600,1.0,0.03988722982144722
69700,1.0,0.039678396157460584
69800,1.0,0.03936514566148063
69900,1.0,0.039260728829487314
70000,1.0,0.038320977341547456
70100,1.0,0.03852981100553409
70200,1.0,0.03852981100553409
70300,1.0,0.038425394173540774
70400,1.0,0.037903310013574186
70500,1.0,0.035710556541714525
70600,1.0,0.0367547248616477
70700,1.0,0.03894747833350736
70800,1.0,0.039156311997493996
70900,1.0,0.04040931398141381
71000,1.0,0.04040931398141381
71100,1.0,0.039678396157460584
71200,1.0,0.039678396157460584
71300,1.0,0.039573979325467266
71400,1.0,0.03999164665344054
71500,1.0,0.039678396157460584
71600,1.0,0.040096063485433854
71700,1.0,0.03999164665344054
71800,1.0,0.03821656050955414
71900,1.0,0.03717239218962097
72000,1.0,0.041871149629320245
72100,1.0,0.038425394173540774
72200,1.0,0.040096063485433854
72300,1.0,0.04114023180536702
72400,1.0,0.04082698130938707
72500,1.0,0.04072256447739376
72600,1.0,0.04020048031742717
72700,1.0,0.04093139814138039
72800,1.0,0.04072256447739376
72900,1.0,0.04030489714942049
73000,1.0,0.04072256447739376
73100,1.0,0.04030489714942049
73200,1.0,0.0397828129894539
73300,1.0,0.040513730813407124
73400,1.0,0.04155789913334029
73500,1.0,0.04082698130938707
73600,1.0,0.04072256447739376
73700,1.0,0.042288816957293515
73800,1.0,0.04239323378928683
73900,1.0,0.042288816957293515
74000,1.0,0.04207998329330688
74100,1.0,0.04239323378928683
74200,1.0,0.0421844001253002
74300,1.0,0.04249765062128015
74400,1.0,0.04260206745327347
74500,1.0,0.0421844001253002
74600,1.0,0.04207998329330688
74700,1.0,0.04134906546935366
74800,1.0,0.041871149629320245
74900,1.0,0.04249765062128015
75000,1.0,0.04124464863736034
75100,1.0,0.043124151613240055
75200,1.0,0.04364623577320664
75300,1.0,0.04385506943719328
75400,1.0,0.04406390310117991
75500,1.0,0.04469040409313981
75600,1.0,0.044481570429153176
75700,1.0,0.04385506943719328
75800,1.0,0.04333298527722669
75900,1.0,0.043541818941213326
76000,1.0,0.04416831993317323
76100,1.0,0.04427273676516655
76200,0.9398496240601504,0.04322856844523337
76300,1.0,0.04375065260519996
76400,1.0,0.04563015558107967
76500,1.0,0.04677874073300616
76600,1.0,0.04719640806097943
76700,1.0,0.04688315756499948
76800,1.0,0.04636107340503289
76900,1.0,0.047091991228986115
77000,1.0,0.04771849222094602
77100,1.0,0.04636107340503289
77200,1.0,0.04615223974104626
77300,1.0,0.045838989245066304
77400,1.0,0.045421321917093034
77500,1.0,0.04531690508509972
77600,1.0,0.044899237757126446
77700,1.0,0.04469040409313981
77800,1.0,0.045003654589119764
77900,1.0,0.04615223974104626
78000,1.0,0.04604782290905294
78100,1.0,0.04636107340503289
78200,1.0,0.04719640806097943
78300,1.0,0.04771849222094602
78400,1.0,0.047509658556959385
78500,1.0,0.04740524172496607
78600,1.0,0.047509658556959385
78700,1.0,0.04730082489297275
78800,1.0,0.047509658556959385
78900,1.0,0.046674323901012844
79000,1.0,0.04646549023702621
79100,1.0,0.04615223974104626
79200,1.0,0.04865824370888587
79300,1.0,0.04897149420486582
79400,1.0,0.048867077372872506
79500,1.0,0.04876266054087919
79600,1.0,0.04991124569280568
79700,1.0,0.050955414012738856
79800,1.0,0.05043332985277227
79900,1.0,0.05022449618878563
80000,1.0,0.05032891302077895
80100,1.0,0.050642163516758903
80200,1.0,0.04980682886081236
80300,1.0,0.04938916153283909
80400,1.0,0.04949357836483241
80500,0.981829573934837,0.04385506943719328
80600,1.0,0.048449410044899235
80700,1.0,0.05032891302077895
80800,1.0,0.05126866450871881
80900,1.0,0.051999582332672024
81000,1.0,0.05210399916466534
81100,1.0,0.05179074866868539
81200,1.0,0.052417249660645295
81300,1.0,0.05262608332463193
81400,1.0,0.052417249660645295
81500,1.0,0.05189516550067871
81600,1.0,0.05147749817270544
81700,1.0,0.05210399916466534
81800,1.0,0.05210399916466534
81900,1.0,0.05085099718074554
82000,1.0,0.04876266054087919
82100,1.0,0.05179074866868539
82200,1.0,0.05179074866868539
82300,1.0,0.05252166649263861
82400,1.0,0.05273050015662525
82500,1.0,0.052834916988618565
82600,1.0,0.05293933382061188
82700,1.0,0.05210399916466534
82800,1.0,0.05179074866868539
82900,1.0,0.05179074866868539
83000,1.0,0.05220841599665866
83100,1.0,0.05085099718074554
83200,1.0,0.050642163516758903
83300,1.0,0.05043332985277227
83400,0.968358395989975,0.05189516550067871
83500,1.0,0.05126866450871881
83600,1.0,0.05220841599665866
83700,1.0,0.05346141798057847
83800,1.0,0.05440116946851833
83900,1.0,0.05429675263652501
84000,1.0,0.05398350214054506
84100,1.0,0.05398350214054506
84200,1.0,0.05398350214054506
84300,1.0,0.053252584316591835
84400,1.0,0.053252584316591835
84500,1.0,0.05419233580453169
84600,1.0,0.05419233580453169
84700,1.0,0.05356583481257179
84800,1.0,0.05346141798057847
84900,1.0,0.05314816748459852
85000,1.0,0.0530437506526052
85100,1.0,0.053670251644565105
85200,1.0,0.05377466847655842
85300,1.0,0.05429675263652501
85400,1.0,0.05461000313250496
85500,1.0,0.05534092095645818
85600,1.0,0.05565417145243813
85700,1.0,0.0560718387804114
85800,1.0,0.05648950610838467
85900,1.0,0.05732484076433121
86000,1.0,0.056698339772371306
86100,1.0,0.05690717343635794
86200,1.0,0.057533674428317846
86300,1.0,0.05440116946851833
86400,1.0,0.05523650412446486
86500,1.0,0.057220423932337894
86600,1.0,0.056280672444398036
86700,1.0,0.05701159026835126
86800,1.0,0.057951341756291117
86900,1.0,0.058473425916257704
87000,1.0,0.058055758588284434
87100,1.0,0.057951341756291117
87200,1.0,0.057638091260311164
87300,1.0,0.05742925759632453
87400,1.0,0.056698339772371306
87500,1.0,0.05701159026835126
87600,1.0,0.05617625561240472
87700,1.0,0.05648950610838467
87800,1.0,0.05575858828443145
87900,1.0,0.05732484076433121
88000,1.0,0.05878667641223765
88100,1.0,0.057533674428317846
88200,1.0,0.057533674428317846
88300,1.0,0.058473425916257704
88400,1.0,0.05889109324423097
88500,1.0,0.058995510076224285
88600,1.0,0.05920434374021092
88700,1.0,0.05836900908426439
88800,1.0,0.05878667641223765
88900,1.0,0.05889109324423097
89000,1.0,0.05816017542027775
89100,1.0,0.05826459225227107
89200,1.0,0.05962201106818419
89300,1.0,0.06097942988409732
89400,1.0,0.05951759423619087
89500,1.0,0.06014409522815078
89600,1.0,0.06035292889213741
89700,1.0,0.060248512060144095
89800,1.0,0.06077059622011068
89900,1.0,0.06139709721207059
90000,1.0,0.06223243186801712
90100,1.0,0.06265009919599039
90200,1.0,0.06296334969197034
90300,1.0,0.06285893285997703
90400,1.0,0.06275451602798371
90500,1.0,0.06223243186801712
90600,1.0,0.059413177404197555
90700,1.0,0.060248512060144095
90800,1.0,0.06306776652396366
90900,1.0,0.06421635167589015
91000,1.0,0.06369426751592357
91100,1.0,0.06379868434791688
91200,1.0,0.06348543385193693
91300,1.0,0.0632766001879503
91400,1.0,0.06317218335595698
91500,1.0,0.06317218335595698
91600,1.0,0.06338101701994361
91700,1.0,0.0632766001879503
91800,1.0,0.06379868434791688
91900,0.9915413533834586,0.06285893285997703
92000,1.0,0.06473843583585674
92100,1.0,0.06714002297170305
92200,1.0,0.06797535762764957
92300,1.0,0.0675576902996763
92400,1.0,0.06703560613970973
92500,1.0,0.0681841912916362
92600,1.0,0.06703560613970973
92700,1.0,0.06703560613970973
92800,1.0,0.06672235564372977
92900,1.0,0.06724443980369636
93000,1.0,0.0675576902996763
93100,1.0,0.06787094079565625
93200,1.0,0.06797535762764957
93300,1.0,0.06672235564372977
93400,1.0,0.06515610316383001
93500,1.0,0.06734885663568968
93600,1.0,0.06860185861960948
93700,1.0,0.07162994674741568
93800,1.0,0.07131669625143573
93900,1.0,0.07121227941944241
94000,1.0,0.07121227941944241
94100,1.0,0.07162994674741568
94200,1.0,0.07162994674741568
94300,1.0,0.07142111308342905
94400,1.0,0.0711078625874491
94500,1.0,0.07131669625143573
94600,1.0,0.07121227941944241
94700,1.0,0.07121227941944241
94800,1.0,0.07069019525947583
94900,1.0,0.07256969823535554
95000,1.0,0.0735094497232954
95100,1.0,0.0741359507152553
95200,1.0,0.07382270021927535
95300,1.0,0.07330061605930877
95400,1.0,0.07371828338728204
95500,1.0,0.07486686853920851
95600,1.0,0.07507570220319515
95700,1.0,0.07549336953116842
95800,1.0,0.07580662002714837
95900,1.0,0.07549336953116842
96000,1.0,0.07465803487522188
96100,1.0,0.07444920121123526
96200,1.0,0.07643312101910828
96300,1.0,0.07632870418711496
96400,1.0,0.07831262399498799
96500,1.0,0.08008771013887439
96600,1.0,0.07998329330688107
96700,1.0,0.08060979429884098
96800,1.0,0.08008771013887439
96900,1.0,0.08081862796282761
97000,1.0,0.08144512895478752
97100,1.0,0.08248929727472068
97200,1.0,0.08311579826668059
97300,1.0,0.08457763391458703
97400,1.0,0.08332463193066722
97500,1.0,0.08395113292262713
97600,1.0,0.08509971807455362
97700,1.0,0.08509971807455362
97800,1.0,0.08812780620235983
97900,1.0,0.09052939333820612
98000,1.0,0.09136472799415266
98100,1.0,0.09157356165813929
98200,1.0,0.09251331314607915
98300,1.0,0.0928265636420591
98400,1.0,0.09355748146601232
98500,1.0,0.09470606661793882
98600,1.0,0.09481048344993213
98700,1.0,0.09564581810587867
98800,1.0,0.09501931711391877
98900,1.0,0.09501931711391877
99000,0.9943609022556391,0.0904249765062128
99100,1.0,0.093453064634019
99200,1.0,0.0982562389057116
99300,1.0,0.09940482405763809
99400,1.0,0.10044899237757127
99500,1.0,0.10055340920956458
99600,1.0,0.1018064111934844
99700,1.0,0.10232849535345098
99800,1.0,0.1024329121854443
99900,1.0,0.1018064111934844
100000,1.0,0.10211966168946435
100100,1.0,0.10295499634541087
100200,1.0,0.10358149733737078
100300,1.0,0.10640075180119035
100400,0.9849624060150376,0.09689882008979847
100500,1.0,0.10713166962514357
100600,1.0,0.11287459538477602
100700,1.0,0.11809543698444189
100800,1.0,0.1199749399603216
100900,1.0,0.1223765270961679
101000,1.0,0.12342069541610108
101100,1.0,0.12425603007204761
101200,1.0,0.12456928056802756
101300,1.0,0.12530019839198078
101400,1.0,0.12676203403988723
101500,1.0,0.12759736869583377
101600,1.0,0.12864153701576694
101700,1.0,0.1302077894956667
101800,1.0,0.13104312415161323
101900,1.0,0.13219170930353974
102000,1.0,0.1362639657512791
102100,1.0,0.14367756082280464
102200,1.0,0.1464968152866242
102300,1.0,0.14879398559047718
102400,1.0,0.1514044063903101
102500,1.0,0.15474574501409627
102600,1.0,0.15996658661376215
102700,1.0,0.16424767672548815
102800,1.0,0.17166127179701368
102900,1.0,0.17729978072465283
103000,1.0,0.18366920747624518
103100,1.0,0.19035188472381748
103200,0.9984335839598998,0.186906129268038
103300,1.0,0.20716299467474156
103400,1.0,0.22105043332985277
103500,1.0,0.2385924611047301
103600,1.0,0.25331523441578785
103700,1.0,0.27085726219066514
103800,1.0,0.2893390414534823
103900,1.0,0.31262399498799204
104000,1.0,0.34227837527409416
104100,1.0,0.3724548397201629
104200,1.0,0.4181894121332359
104300,1.0,0.46214889840242246
104400,1.0,0.5115380599352616
104500,1.0,0.5694894016915527
104600,1.0,0.580766419546831
104700,1.0,0.65187428213428
104800,1.0,0.7323796596011277
104900,1.0,0.8323065678187324
105000,1.0,0.9182416205492325
105100,1.0,0.974313459329644
105200,1.0,0.9964498277122272
105300,1.0,0.9998955831680066
105400,1.0,1.0
105500,1.0,1.0
105600,1.0,1.0
105700,1.0,1.0
105800,1.0,1.0
105900,1.0,1.0
106000,1.0,1.0
106100,1.0,1.0
106200,1.0,1.0
106300,1.0,1.0
106400,1.0,1.0
106500,1.0,1.0
106600,1.0,1.0
106700,1.0,1.0
106800,1.0,1.0
106900,1.0,1.0
107000,1.0,1.0
107100,1.0,1.0
107200,1.0,1.0
107300,1.0,1.0
107400,1.0,1.0
107500,1.0,1.0
107600,1.0,1.0
107700,1.0,1.0
107800,1.0,1.0
107900,1.0,1.0
108000,1.0,1.0
108100,1.0,1.0
108200,1.0,1.0
108300,1.0,1.0
108400,1.0,1.0
108500,1.0,1.0
108600,1.0,1.0
108700,1.0,1.0
108800,1.0,1.0
108900,1.0,1.0
109000,1.0,1.0
109100,1.0,1.0
109200,1.0,1.0
109300,1.0,1.0
109400,1.0,1.0
109500,1.0,1.0
109600,1.0,1.0
109700,1.0,1.0
109800,1.0,1.0
109900,1.0,1.0
110000,1.0,1.0
110100,1.0,1.0
110200,1.0,1.0
110300,1.0,1.0
110400,1.0,1.0
110500,1.0,1.0
110600,1.0,1.0
110700,1.0,1.0
110800,1.0,1.0
110900,1.0,1.0
111000,1.0,1.0
111100,1.0,1.0
111200,1.0,1.0
111300,1.0,1.0
111400,1.0,1.0
111500,0.9417293233082706,0.9387073196199227
111600,1.0,1.0
111700,1.0,1.0
111800,1.0,1.0
111900,1.0,1.0
112000,1.0,1.0
112100,1.0,1.0
112200,1.0,1.0
112300,1.0,1.0
112400,1.0,1.0
112500,1.0,1.0
112600,1.0,1.0
112700,1.0,1.0
112800,1.0,1.0
112900,1.0,0.9994779158400334
113000,1.0,1.0
113100,1.0,1.0
113200,1.0,1.0
113300,1.0,1.0
113400,1.0,1.0
113500,1.0,1.0
113600,1.0,1.0
113700,1.0,1.0
113800,1.0,1.0
113900,1.0,1.0
114000,1.0,1.0
114100,1.0,1.0
114200,1.0,1.0
114300,1.0,1.0
114400,1.0,1.0
114500,1.0,1.0
114600,1.0,1.0
114700,1.0,1.0
114800,1.0,1.0
114900,1.0,1.0
115000,1.0,1.0
115100,1.0,1.0
115200,1.0,1.0
115300,1.0,1.0
115400,1.0,1.0
115500,1.0,1.0
115600,0.99968671679198,0.9988514148480735
115700,1.0,1.0
115800,1.0,1.0
115900,1.0,1.0
116000,1.0,1.0
116100,1.0,1.0
116200,1.0,1.0
116300,1.0,1.0
116400,1.0,1.0
116500,1.0,1.0
116600,1.0,1.0
116700,1.0,1.0
116800,1.0,1.0
116900,1.0,1.0
117000,1.0,1.0
117100,1.0,1.0
117200,1.0,1.0
117300,1.0,1.0
117400,1.0,1.0
117500,1.0,1.0
117600,1.0,1.0
117700,1.0,1.0
117800,1.0,1.0
117900,1.0,1.0
118000,1.0,1.0
118100,1.0,1.0
118200,1.0,1.0
118300,1.0,1.0
118400,1.0,1.0
118500,1.0,1.0
118600,1.0,1.0
118700,1.0,1.0
118800,1.0,1.0
118900,1.0,1.0
119000,1.0,1.0
119100,1.0,1.0
119200,1.0,1.0
119300,1.0,1.0
119400,1.0,1.0
119500,1.0,1.0
119600,1.0,1.0
119700,1.0,1.0
119800,1.0,1.0
119900,1.0,1.0
120000,1.0,1.0
120100,1.0,1.0
120200,1.0,1.0
120300,1.0,1.0
120400,1.0,1.0
120500,1.0,1.0
120600,1.0,1.0
120700,1.0,1.0
120800,1.0,1.0
120900,1.0,1.0
121000,1.0,1.0
121100,0.9981203007518797,0.9956144930562807
121200,1.0,1.0
121300,1.0,1.0
121400,1.0,1.0
121500,1.0,1.0
121600,1.0,1.0
121700,1.0,1.0
121800,1.0,1.0
121900,1.0,1.0
122000,1.0,1.0
122100,1.0,1.0
122200,1.0,1.0
122300,1.0,1.0
122400,1.0,1.0
122500,1.0,1.0
122600,1.0,1.0
122700,1.0,1.0
122800,1.0,1.0
122900,1.0,1.0
123000,1.0,1.0
123100,1.0,1.0
123200,1.0,1.0
123300,1.0,1.0
123400,1.0,1.0
123500,1.0,1.0
123600,1.0,1.0
123700,1.0,1.0
123800,0.9761904761904762,0.9660645296021718
123900,1.0,1.0
124000,1.0,1.0
124100,1.0,1.0
124200,1.0,1.0
124300,1.0,1.0
124400,1.0,1.0
124500,1.0,1.0
124600,1.0,1.0
124700,1.0,1.0
124800,1.0,1.0
124900,1.0,1.0
125000,1.0,1.0
125100,1.0,1.0
125200,0.7142857142857143,0.6906129268038008
125300,1.0,1.0
125400,1.0,1.0
125500,1.0,1.0
125600,1.0,1.0
125700,1.0,1.0
125800,1.0,1.0
125900,1.0,1.0
126000,1.0,1.0
126100,1.0,1.0
126200,1.0,1.0
126300,1.0,1.0
126400,1.0,1.0
126500,1.0,1.0
126600,1.0,1.0
126700,1.0,1.0
126800,1.0,1.0
126900,1.0,1.0
127000,1.0,1.0
127100,1.0,1.0
127200,1.0,1.0
127300,1.0,1.0
127400,1.0,1.0
127500,1.0,1.0
127600,1.0,1.0
127700,1.0,1.0
127800,1.0,1.0
127900,1.0,1.0
128000,1.0,1.0
128100,1.0,0.9998955831680066
128200,1.0,1.0
128300,1.0,1.0
128400,1.0,1.0
128500,1.0,1.0
128600,1.0,1.0
128700,1.0,1.0
128800,1.0,1.0
128900,1.0,1.0
129000,1.0,1.0
129100,1.0,1.0
129200,1.0,1.0
129300,1.0,1.0
129400,1.0,1.0
129500,1.0,1.0
129600,1.0,1.0
129700,1.0,1.0
129800,1.0,1.0
129900,1.0,1.0
130000,1.0,1.0
130100,1.0,1.0
130200,1.0,1.0
130300,1.0,1.0
130400,1.0,1.0
130500,1.0,1.0
130600,1.0,1.0
130700,1.0,1.0
130800,1.0,1.0
130900,1.0,1.0
131000,0.6519423558897243,0.6396575127910619
131100,1.0,1.0
131200,1.0,1.0
131300,1.0,1.0
131400,1.0,1.0
131500,1.0,1.0
131600,1.0,1.0
131700,1.0,1.0
131800,1.0,1.0
131900,1.0,1.0
132000,1.0,1.0
132100,1.0,1.0
132200,1.0,1.0
132300,1.0,1.0
132400,1.0,1.0
132500,1.0,1.0
132600,1.0,1.0
132700,1.0,1.0
132800,1.0,1.0
132900,1.0,1.0
133000,1.0,1.0
133100,1.0,1.0
133200,1.0,1.0
133300,1.0,1.0
133400,1.0,1.0
133500,1.0,1.0
133600,1.0,1.0
133700,1.0,1.0
133800,1.0,1.0
133900,1.0,1.0
134000,1.0,1.0
134100,1.0,1.0
134200,1.0,1.0
134300,1.0,1.0
134400,1.0,1.0
134500,1.0,1.0
134600,1.0,1.0
134700,1.0,1.0
134800,1.0,1.0
134900,1.0,1.0
135000,1.0,1.0
135100,1.0,1.0
135200,1.0,1.0
135300,1.0,1.0
135400,1.0,1.0
135500,1.0,1.0
135600,1.0,1.0
135700,1.0,1.0
135800,1.0,1.0
135900,1.0,1.0
136000,1.0,1.0
136100,1.0,1.0
136200,1.0,1.0
136300,1.0,1.0
136400,1.0,1.0
136500,1.0,1.0
136600,1.0,1.0
136700,1.0,1.0
136800,0.9978070175438597,0.993734990080401
136900,1.0,1.0
137000,1.0,1.0
137100,1.0,1.0
137200,1.0,1.0
137300,1.0,1.0
137400,1.0,1.0
137500,1.0,1.0
137600,1.0,1.0
137700,1.0,1.0
137800,1.0,1.0
137900,1.0,1.0
138000,1.0,1.0
138100,1.0,1.0
138200,1.0,1.0
138300,1.0,1.0
138400,1.0,1.0
138500,1.0,1.0
138600,1.0,1.0
138700,1.0,1.0
138800,1.0,1.0
138900,1.0,1.0
139000,1.0,1.0
139100,1.0,1.0
139200,1.0,1.0
139300,1.0,1.0
139400,1.0,1.0
139500,1.0,1.0
139600,1.0,1.0
139700,1.0,1.0
139800,1.0,1.0
139900,1.0,1.0
140000,1.0,1.0
140100,1.0,1.0
140200,1.0,1.0
140300,1.0,1.0
140400,1.0,1.0
140500,1.0,1.0
140600,1.0,1.0
140700,1.0,1.0
140800,1.0,1.0
140900,1.0,1.0
141000,1.0,1.0
141100,0.7120927318295739,0.7134802130103373
141200,1.0,1.0
141300,1.0,1.0
141400,1.0,1.0
141500,1.0,1.0
141600,1.0,1.0
141700,1.0,1.0
141800,1.0,1.0
141900,1.0,1.0
142000,1.0,1.0
142100,1.0,1.0
142200,1.0,1.0
142300,1.0,1.0
142400,1.0,1.0
142500,1.0,1.0
142600,1.0,1.0
142700,1.0,1.0
142800,1.0,1.0
142900,1.0,1.0
143000,1.0,1.0
143100,1.0,1.0
143200,1.0,1.0
143300,1.0,1.0
143400,1.0,1.0
143500,1.0,1.0
143600,1.0,1.0
143700,1.0,1.0
143800,1.0,1.0
143900,1.0,1.0
144000,1.0,1.0
144100,1.0,1.0
144200,1.0,1.0
144300,1.0,1.0
144400,1.0,1.0
144500,1.0,1.0
144600,1.0,1.0
144700,1.0,1.0
144800,1.0,1.0
144900,1.0,1.0
145000,1.0,1.0
145100,1.0,1.0
145200,1.0,1.0
145300,0.9877819548872181,0.9823535553931294
145400,1.0,1.0
145500,1.0,1.0
145600,1.0,1.0
145700,1.0,1.0
145800,1.0,1.0
145900,1.0,1.0
146000,1.0,1.0
146100,1.0,1.0
146200,1.0,1.0
146300,1.0,1.0
146400,1.0,1.0
146500,1.0,1.0
146600,1.0,1.0
146700,1.0,1.0
146800,1.0,1.0
146900,1.0,1.0
147000,1.0,1.0
147100,1.0,1.0
147200,1.0,1.0
147300,1.0,1.0
147400,1.0,1.0
147500,1.0,1.0
147600,1.0,1.0
147700,1.0,1.0
147800,1.0,1.0
147900,1.0,1.0
148000,1.0,0.9987469980160802
148100,1.0,1.0
148200,1.0,1.0
148300,1.0,1.0
148400,1.0,1.0
148500,1.0,1.0
148600,1.0,1.0
148700,1.0,1.0
148800,1.0,1.0
148900,1.0,1.0
149000,1.0,1.0
149100,1.0,1.0
149200,1.0,1.0
149300,0.9971804511278195,0.9941526574083742
149400,1.0,1.0
149500,1.0,1.0
149600,1.0,1.0
149700,1.0,1.0
149800,1.0,1.0
149900,1.0,1.0
150000,1.0,1.0
150100,1.0,1.0
150200,1.0,1.0
150300,1.0,1.0
150400,1.0,1.0
150500,1.0,1.0
150600,1.0,1.0
150700,1.0,1.0
150800,1.0,1.0
150900,1.0,1.0
151000,1.0,1.0
151100,1.0,1.0
151200,1.0,1.0
151300,1.0,1.0
151400,1.0,1.0
151500,1.0,1.0
151600,1.0,1.0
151700,1.0,1.0
151800,1.0,1.0
151900,1.0,1.0
152000,0.7810150375939849,0.7720580557585883
152100,1.0,1.0
152200,1.0,1.0
152300,1.0,1.0
152400,1.0,1.0
152500,1.0,1.0
152600,1.0,1.0
152700,1.0,1.0
152800,1.0,1.0
152900,1.0,1.0
153000,1.0,1.0
153100,1.0,1.0
153200,1.0,1.0
153300,1.0,1.0
153400,0.8621553884711779,0.8528766837214159
153500,1.0,1.0
153600,1.0,1.0
153700,1.0,1.0
153800,1.0,1.0
153900,1.0,1.0
154000,1.0,1.0
154100,1.0,1.0
154200,1.0,1.0
154300,1.0,1.0
154400,1.0,1.0
154500,1.0,1.0
154600,1.0,1.0
154700,1.0,1.0
154800,1.0,1.0
154900,1.0,1.0
155000,1.0,1.0
155100,1.0,1.0
155200,1.0,1.0
155300,1.0,1.0
155400,1.0,1.0
155500,1.0,1.0
155600,1.0,1.0
155700,1.0,1.0
155800,1.0,1.0
155900,1.0,1.0
156000,1.0,1.0
156100,1.0,1.0
156200,1.0,1.0
156300,0.9840225563909775,0.9730604573457241
156400,1.0,1.0
156500,1.0,1.0
156600,1.0,1.0
156700,1.0,1.0
156800,1.0,1.0
156900,1.0,1.0
157000,1.0,1.0
157100,1.0,1.0
157200,1.0,1.0
157300,1.0,1.0
157400,1.0,1.0
157500,1.0,1.0
157600,1.0,1.0
157700,1.0,1.0
157800,1.0,1.0
157900,1.0,1.0
158000,1.0,1.0
158100,1.0,1.0
158200,1.0,1.0
158300,1.0,1.0
158400,1.0,1.0
158500,1.0,1.0
158600,1.0,1.0
158700,1.0,1.0
158800,1.0,1.0
158900,1.0,1.0
159000,1.0,1.0
159100,1.0,1.0
159200,1.0,1.0
159300,1.0,1.0
159400,1.0,1.0
159500,1.0,1.0
159600,1.0,1.0
159700,1.0,1.0
159800,1.0,1.0
159900,1.0,1.0
160000,1.0,1.0
160100,1.0,1.0
160200,1.0,1.0
160300,1.0,1.0
160400,1.0,1.0
160500,0.7722431077694235,0.7729978072465281
160600,1.0,1.0
160700,1.0,1.0
160800,1.0,1.0
160900,1.0,1.0
161000,1.0,1.0
161100,1.0,1.0
161200,1.0,1.0
161300,1.0,1.0
161400,1.0,1.0
161500,1.0,1.0
161600,1.0,1.0
161700,1.0,1.0
161800,1.0,1.0
161900,0.8796992481203008,0.8730291322961261
162000,1.0,1.0
162100,1.0,1.0
162200,1.0,1.0
162300,1.0,1.0
162400,1.0,1.0
162500,1.0,1.0
162600,1.0,1.0
162700,1.0,1.0
162800,1.0,1.0
162900,1.0,1.0
163000,1.0,1.0
163100,1.0,1.0
163200,1.0,1.0
163300,1.0,0.9998955831680066
163400,1.0,1.0
163500,1.0,1.0
163600,1.0,1.0
163700,1.0,1.0
163800,1.0,1.0
163900,1.0,1.0
164000,1.0,1.0
164100,1.0,1.0
164200,1.0,1.0
164300,1.0,1.0
164400,1.0,1.0
164500,1.0,1.0
164600,1.0,1.0
164700,1.0,1.0
164800,1.0,1.0
164900,1.0,1.0
165000,1.0,1.0
165100,1.0,1.0
165200,1.0,1.0
165300,1.0,1.0
165400,1.0,1.0
165500,1.0,1.0
165600,1.0,1.0
165700,1.0,1.0
165800,1.0,1.0
165900,1.0,1.0
166000,1.0,1.0
166100,0.9918546365914787,0.9879920643207685
166200,1.0,1.0
166300,1.0,1.0
166400,1.0,1.0
166500,1.0,1.0
166600,1.0,1.0
166700,1.0,1.0
166800,1.0,1.0
166900,1.0,1.0
167000,1.0,1.0
167100,1.0,1.0
167200,1.0,1.0
167300,1.0,1.0
167400,1.0,1.0
167500,1.0,1.0
167600,1.0,1.0
167700,1.0,1.0
167800,1.0,1.0
167900,1.0,1.0
168000,1.0,1.0
168100,1.0,1.0
168200,1.0,1.0
168300,1.0,1.0
168400,1.0,1.0
168500,1.0,1.0
168600,1.0,1.0
168700,1.0,1.0
168800,1.0,1.0
168900,1.0,1.0
169000,1.0,1.0
169100,1.0,1.0
169200,1.0,1.0
169300,1.0,1.0
169400,1.0,1.0
169500,1.0,1.0
169600,1.0,1.0
169700,1.0,1.0
169800,1.0,1.0
169900,1.0,1.0
170000,1.0,1.0
170100,1.0,1.0
170200,1.0,1.0
170300,1.0,1.0
170400,1.0,1.0
170500,1.0,1.0
170600,1.0,1.0
170700,1.0,1.0
170800,1.0,1.0
170900,1.0,1.0
171000,1.0,1.0
171100,1.0,1.0
171200,1.0,1.0
171300,1.0,1.0
171400,1.0,1.0
171500,1.0,1.0
171600,1.0,1.0
171700,1.0,1.0
171800,0.9912280701754386,0.984859559360969
171900,1.0,1.0
172000,1.0,1.0
172100,1.0,1.0
172200,1.0,1.0
172300,1.0,1.0
172400,1.0,1.0
172500,1.0,1.0
172600,1.0,1.0
172700,1.0,1.0
172800,1.0,1.0
172900,1.0,1.0
173000,1.0,1.0
173100,1.0,1.0
173200,1.0,1.0
173300,1.0,1.0
173400,1.0,1.0
173500,1.0,1.0
173600,1.0,1.0
173700,1.0,1.0
173800,1.0,1.0
173900,1.0,1.0
174000,1.0,1.0
174100,1.0,1.0
174200,1.0,1.0
174300,1.0,1.0
174400,1.0,1.0
174500,0.8577694235588973,0.8646757857366607
174600,1.0,1.0
174700,1.0,1.0
174800,1.0,1.0
174900,1.0,1.0
175000,1.0,1.0
175100,1.0,1.0
175200,1.0,1.0
175300,1.0,1.0
175400,1.0,1.0
175500,1.0,1.0
175600,1.0,1.0
175700,1.0,1.0
175800,1.0,1.0
175900,1.0,1.0
176000,1.0,1.0
176100,1.0,1.0
176200,1.0,1.0
176300,1.0,1.0
176400,1.0,1.0
176500,1.0,1.0
176600,1.0,1.0
176700,1.0,1.0
176800,1.0,1.0
176900,1.0,1.0
177000,1.0,1.0
177100,1.0,1.0
177200,1.0,1.0
177300,1.0,1.0
177400,1.0,1.0
177500,1.0,1.0
177600,1.0,1.0
177700,1.0,1.0
177800,1.0,1.0
177900,1.0,1.0
178000,1.0,1.0
178100,1.0,1.0
178200,1.0,1.0
178300,1.0,1.0
178400,1.0,1.0
178500,1.0,1.0
178600,1.0,1.0
178700,1.0,1.0
178800,1.0,1.0
178900,1.0,1.0
179000,1.0,1.0
179100,1.0,1.0
179200,1.0,1.0
179300,1.0,1.0
179400,1.0,1.0
179500,1.0,1.0
179600,1.0,1.0
179700,1.0,1.0
179800,1.0,1.0
179900,1.0,1.0
180000,1.0,1.0
180100,1.0,1.0
180200,1.0,1.0
180300,1.0,1.0
180400,1.0,1.0
180500,1.0,1.0
180600,1.0,1.0
180700,1.0,1.0
180800,1.0,1.0
180900,1.0,1.0
181000,1.0,1.0
181100,1.0,1.0
181200,1.0,1.0
181300,1.0,1.0
181400,0.9799498746867168,0.9690926177299781
181500,1.0,1.0
181600,1.0,1.0
181700,1.0,1.0
181800,1.0,1.0
181900,1.0,1.0
182000,1.0,1.0
182100,1.0,1.0
182200,1.0,1.0
182300,1.0,1.0
182400,1.0,1.0
182500,1.0,1.0
182600,1.0,1.0
182700,1.0,1.0
182800,1.0,1.0
182900,1.0,1.0
183000,1.0,1.0
183100,1.0,1.0
183200,1.0,1.0
183300,1.0,1.0
183400,1.0,1.0
183500,1.0,1.0
183600,1.0,1.0
183700,1.0,1.0
183800,1.0,1.0
183900,1.0,1.0
184000,1.0,1.0
184100,1.0,1.0
184200,1.0,1.0
184300,1.0,1.0
184400,1.0,1.0
184500,1.0,1.0
184600,1.0,1.0
184700,1.0,1.0
184800,1.0,1.0
184900,1.0,1.0
185000,1.0,1.0
185100,1.0,1.0
185200,1.0,1.0
185300,1.0,1.0
185400,1.0,1.0
185500,1.0,1.0
185600,1.0,1.0
185700,1.0,1.0
185800,1.0,1.0
185900,1.0,1.0
186000,1.0,1.0
186100,1.0,1.0
186200,1.0,1.0
186300,1.0,1.0
186400,1.0,1.0
186500,1.0,1.0
186600,1.0,1.0
186700,1.0,1.0
186800,1.0,1.0
186900,1.0,1.0
187000,1.0,1.0
187100,1.0,1.0
187200,1.0,1.0
187300,1.0,1.0
187400,1.0,1.0
187500,1.0,1.0
187600,1.0,1.0
187700,1.0,1.0
187800,1.0,1.0
187900,1.0,1.0
188000,1.0,1.0
188100,1.0,1.0
188200,1.0,1.0
188300,1.0,1.0
188400,1.0,1.0
188500,1.0,1.0
188600,1.0,1.0
188700,1.0,1.0
188800,1.0,1.0
188900,1.0,1.0
189000,1.0,1.0
189100,1.0,1.0
189200,1.0,1.0
189300,1.0,1.0
189400,1.0,1.0
189500,1.0,1.0
189600,1.0,1.0
189700,1.0,1.0
189800,1.0,1.0
189900,1.0,1.0
190000,1.0,1.0
190100,1.0,1.0
190200,1.0,1.0
190300,1.0,1.0
190400,1.0,1.0
190500,1.0,1.0
190600,1.0,1.0
190700,1.0,1.0
190800,1.0,1.0
190900,1.0,1.0
191000,0.9270050125313283,0.923671295812885
191100,1.0,1.0
191200,1.0,1.0
191300,1.0,1.0
191400,1.0,1.0
191500,1.0,1.0
191600,1.0,1.0
191700,1.0,1.0
191800,1.0,1.0
191900,1.0,1.0
192000,1.0,1.0
192100,1.0,1.0
192200,1.0,1.0
192300,1.0,1.0
192400,1.0,1.0
192500,1.0,1.0
192600,1.0,1.0
192700,1.0,1.0
192800,1.0,1.0
192900,1.0,1.0
193000,1.0,1.0
193100,1.0,1.0
193200,1.0,1.0
193300,1.0,1.0
193400,1.0,1.0
193500,1.0,1.0
193600,1.0,1.0
193700,1.0,1.0
193800,1.0,1.0
193900,1.0,1.0
194000,1.0,1.0
194100,1.0,1.0
194200,1.0,1.0
194300,1.0,1.0
194400,1.0,1.0
194500,1.0,1.0
194600,1.0,1.0
194700,1.0,1.0
194800,1.0,1.0
194900,1.0,1.0
195000,1.0,0.9993734990080401
195100,1.0,1.0
195200,1.0,1.0
195300,1.0,1.0
195400,1.0,1.0
195500,1.0,1.0
195600,1.0,1.0
195700,1.0,1.0
195800,1.0,1.0
195900,1.0,1.0
196000,1.0,1.0
196100,1.0,1.0
196200,1.0,1.0
196300,0.9401629072681704,0.9367233998120497
196400,1.0,1.0
196500,1.0,1.0
196600,1.0,1.0
196700,1.0,1.0
196800,1.0,1.0
196900,1.0,1.0
197000,1.0,1.0
197100,1.0,1.0
197200,1.0,1.0
197300,1.0,1.0
197400,1.0,1.0
197500,1.0,1.0
197600,1.0,1.0
197700,1.0,1.0
197800,1.0,1.0
197900,1.0,1.0
198000,1.0,1.0
198100,1.0,1.0
198200,1.0,1.0
198300,1.0,1.0
198400,1.0,1.0
198500,1.0,1.0
198600,1.0,1.0
198700,1.0,1.0
198800,1.0,1.0
198900,1.0,1.0
199000,1.0,1.0
199100,1.0,1.0
199200,1.0,1.0
199300,1.0,1.0
199400,1.0,1.0
199500,1.0,1.0
199600,1.0,1.0
199700,1.0,1.0
199800,1.0,1.0
199900,1.0,1.0
200000,1.0,1.0
